User,Response,Timestamp
hi,Hey! Welcome to our chatbot service. How can I help?,2025-03-16T22:58:21.054356
Benefits of energy conservation,Energy conservation helps lower utility bills and reduces the environmental impact.,2025-03-16T23:00:19.909037
How to practice a new language daily,"Being multilingual can expand career opportunities, improve cognitive function, and enhance cultural understanding.",2025-03-16T23:00:51.372904
"Tell me about daily meditation practice""","Mindfulness is the practice of being fully present in the moment, observing thoughts and feelings without judgment.",2025-03-16T23:02:20.492732
Tell me about achieving work-life balance,Self-care is essential for maintaining balance and preventing burnout.,2025-03-16T23:02:59.984785
How does nanotech work,"Nanotechnology has applications in medicine, electronics, energy, and environmental remediation.",2025-03-16T23:05:57.429757
Tell me about machine learning,"ML has applications in image recognition, natural language processing, recommendation systems, and predictive analytics.",2025-03-16T23:06:42.911987
Inspirational quotes,Hi there! :)  What can I do for you?,2025-03-16T23:07:43.558653
bye,Goodbye! ðŸ‘‹ Have a great day!,2025-03-16T23:13:12.312757
